{"batch/loss": 0.7710319757461548, "batch/accuracy": 0.815557062625885, "batch/batch_step": 395, "batch/learning_rate": 0.009999999776482582, "_timestamp": 1681481309.780388, "_runtime": 46.65295100212097, "_step": 87, "epoch/loss": 0.771860659122467, "epoch/accuracy": 0.8153333067893982, "epoch/val_loss": 0.7149367332458496, "epoch/val_accuracy": 0.8220000267028809, "epoch/epoch": 7, "epoch/learning_rate": 0.009999999776482582, "_wandb": {"runtime": 59}}